"","frqX","frqY","model","h","r","s"
"1",0.102529960053262,0.16,"auto.and.parX","0.5","0.1","0"
"2",0.0240320427236315,0.0318725099601594,"auto.and.parX","0.5","0.1","0"
"3",0.107671601615074,0.0972762645914397,"auto.and.parX","0.5","0.1","0"
"4",0.434666666666667,0.390438247011952,"auto.and.parX","0.5","0.1","0"
"5",0.204301075268817,0.21875,"auto.and.parX","0.5","0.1","0"
"6",0.337317397078353,0.360323886639676,"auto.and.parX","0.5","0.1","0"
"7",0.266757865937073,0.278810408921933,"auto.and.parX","0.5","0.1","0"
"8",0.555704697986577,0.5390625,"auto.and.parX","0.5","0.1","0"
"9",0.039136302294197,0.0622568093385214,"auto.and.parX","0.5","0.1","0"
"10",0.0710455764075067,0.075098814229249,"auto.and.parX","0.5","0.1","0"
"11",0.553359683794466,0.586776859504132,"auto.and.parX","0.5","0.1","0"
"12",0.0671140939597315,0.078125,"auto.and.parX","0.5","0.1","0"
"13",0.0460526315789474,0.0458333333333333,"auto.and.parX","0.5","0.1","0"
"14",0.00940860215053763,0,"auto.and.parX","0.5","0.1","0"
"15",0.115591397849462,0.10546875,"auto.and.parX","0.5","0.1","0"
"16",0.281879194630872,0.283464566929134,"auto.and.parX","0.5","0.1","0"
"17",0.0372836218375499,0.0766129032258065,"auto.and.parX","0.5","0.1","0"
"18",0.0687830687830688,0.032520325203252,"auto.and.parX","0.5","0.1","0"
"19",0.256953642384106,0.260330578512397,"auto.and.parX","0.5","0.1","0"
"20",0.401639344262295,0.402985074626866,"auto.and.parX","0.5","0.1","0"
"21",0.252604166666667,0.243478260869565,"auto.and.parX","0.5","0.1","0"
"22",0.0425531914893617,0.0562248995983936,"auto.and.parX","0.5","0.1","0"
"23",0.116847826086957,0.151515151515152,"auto.and.parX","0.5","0.1","0"
"24",0.446666666666667,0.399209486166008,"auto.and.parX","0.5","0.1","0"
"25",0.0717079530638853,0.151515151515152,"auto.and.parX","0.5","0.1","0"
"26",0.220899470899471,0.23265306122449,"auto.and.parX","0.5","0.1","0"
"27",0.0598179453836151,0.1,"auto.and.parX","0.5","0.1","0"
"28",0.0278884462151394,0.0569105691056911,"auto.and.parX","0.5","0.1","0"
"29",0.323097463284379,0.357142857142857,"auto.and.parX","0.5","0.1","0"
"30",0.0805369127516778,0.0866141732283465,"auto.and.parX","0.5","0.1","0"
"31",0.10455764075067,0.0790513833992095,"auto.and.parX","0.5","0.1","0"
"32",0.0684563758389262,0.0909090909090909,"auto.and.parX","0.5","0.1","0"
"33",0.827357237715803,0.782258064516129,"auto.and.parX","0.5","0.1","0"
"34",0.122340425531915,0.101214574898785,"auto.and.parX","0.5","0.1","0"
"35",0.163513513513514,0.138996138996139,"auto.and.parX","0.5","0.1","0"
"36",0.0328947368421053,0.0375,"auto.and.parX","0.5","0.1","0"
"37",0.504563233376793,0.553648068669528,"auto.and.parX","0.5","0.1","0"
"38",0.270805812417437,0.263374485596708,"auto.and.parX","0.5","0.1","0"
"39",0.0657718120805369,0.101167315175097,"auto.and.parX","0.5","0.1","0"
"40",0.0891891891891892,0.0769230769230769,"auto.and.parX","0.5","0.1","0"
"41",0.0867823765020027,0.0398406374501992,"auto.and.parX","0.5","0.1","0"
"42",0.230666666666667,0.24,"auto.and.parX","0.5","0.1","0"
"43",0.0585106382978723,0.0642570281124498,"auto.and.parX","0.5","0.1","0"
"44",0.11523178807947,0.153846153846154,"auto.and.parX","0.5","0.1","0"
"45",0.0252324037184595,0.0321285140562249,"auto.and.parX","0.5","0.1","0"
"46",0.0607661822985469,0.0905349794238683,"auto.and.parX","0.5","0.1","0"
"47",0.0569105691056911,0.0267175572519084,"auto.and.parX","0.5","0.1","0"
"48",0.458994708994709,0.457142857142857,"auto.and.parX","0.5","0.1","0"
"49",0.0783289817232376,0.0598290598290598,"auto.and.parX","0.5","0.1","0"
"50",0.0628342245989305,0.0396825396825397,"auto.and.parX","0.5","0.1","0"
"51",0.319316688567674,0.275,"auto.and.parX","0.5","0.1","0"
"52",0.243064729194188,0.267489711934156,"auto.and.parX","0.5","0.1","0"
"53",0.0652173913043478,0.0568181818181818,"auto.and.parX","0.5","0.1","0"
"54",0.0846774193548387,0.0894941634241245,"auto.and.parX","0.5","0.1","0"
"55",0.122641509433962,0.062015503875969,"auto.and.parX","0.5","0.1","0"
"56",0.104221635883905,0.116182572614108,"auto.and.parX","0.5","0.1","0"
"57",0.134408602150538,0.1484375,"auto.and.parX","0.5","0.1","0"
"58",0.0458715596330275,0.0379746835443038,"auto.and.parX","0.5","0.1","0"
"59",0.0283783783783784,0.0192307692307692,"auto.and.parX","0.5","0.1","0"
"60",0.107894736842105,0.149377593360996,"auto.and.parX","0.5","0.1","0"
"61",0.0307898259705489,0.0237154150197628,"auto.and.parX","0.5","0.1","0"
"62",0.365821094793057,0.394422310756972,"auto.and.parX","0.5","0.1","0"
"63",0.597315436241611,0.515748031496063,"auto.and.parX","0.5","0.1","0"
"64",0.128342245989305,0.116,"auto.and.parX","0.5","0.1","0"
"65",0.0457604306864065,0.0431372549019608,"auto.and.parX","0.5","0.1","0"
"66",0.058029689608637,0.0576923076923077,"auto.and.parX","0.5","0.1","0"
"67",0.0183968462549277,0.0167364016736402,"auto.and.parX","0.5","0.1","0"
"68",0.004,0.00401606425702811,"auto.and.parX","0.5","0.1","0"
"69",0.111405835543767,0.151020408163265,"auto.and.parX","0.5","0.1","0"
"70",0.0987821380243572,0.0766283524904215,"auto.and.parX","0.5","0.1","0"
"71",0.0527009222661397,0.0875,"auto.and.parX","0.5","0.1","0"
"72",0.0307898259705489,0.0553359683794466,"auto.and.parX","0.5","0.1","0"
"73",0.875331564986737,0.862348178137652,"auto.and.parX","0.5","0.1","0"
"74",0.0117801047120419,0.0253164556962025,"auto.and.parX","0.5","0.1","0"
"75",0.0549597855227882,0.0708661417322835,"auto.and.parX","0.5","0.1","0"
"76",0.0626666666666667,0.0557768924302789,"auto.and.parX","0.5","0.1","0"
"77",0.102362204724409,0.102127659574468,"auto.and.parX","0.5","0.1","0"
"78",0.278709677419355,0.286343612334802,"auto.and.parX","0.5","0.1","0"
"79",0.566360052562418,0.564853556485356,"auto.and.parX","0.5","0.1","0"
"80",0.0673854447439353,0.0775193798449612,"auto.and.parX","0.5","0.1","0"
"81",0.0418848167539267,0.00421940928270042,"auto.and.parX","0.5","0.1","0"
"82",0.0512129380053908,0.0579150579150579,"auto.and.parX","0.5","0.1","0"
"83",0.157965194109772,0.145669291338583,"auto.and.parX","0.5","0.1","0"
"84",0.473541383989145,0.441509433962264,"auto.and.parX","0.5","0.1","0"
"85",0.441176470588235,0.44047619047619,"auto.and.parX","0.5","0.1","0"
"86",0.145502645502645,0.183673469387755,"auto.and.parX","0.5","0.1","0"
"87",0.0383597883597884,0.0447154471544715,"auto.and.parX","0.5","0.1","0"
"88",0.290106951871658,0.24901185770751,"auto.and.parX","0.5","0.1","0"
"89",0.137096774193548,0.201550387596899,"auto.and.parX","0.5","0.1","0"
"90",0.171503957783641,0.115702479338843,"auto.and.parX","0.5","0.1","0"
"91",0.134770889487871,0.162790697674419,"auto.and.parX","0.5","0.1","0"
"92",0.308707124010554,0.301652892561983,"auto.and.parX","0.5","0.1","0"
"93",0.467914438502674,0.51984126984127,"auto.and.parX","0.5","0.1","0"
"94",0.134770889487871,0.205426356589147,"auto.and.parX","0.5","0.1","0"
"95",0.349734042553192,0.330645161290323,"auto.and.parX","0.5","0.1","0"
"96",0.102529960053262,0.0524193548387097,"auto.and.parX","0.5","0.1","0"
"97",0.0629183400267738,0.0513833992094862,"auto.and.parX","0.5","0.1","0"
"98",0.0904255319148936,0.108870967741935,"auto.and.parX","0.5","0.1","0"
"99",0.0743243243243243,0.0852713178294574,"auto.and.parX","0.5","0.1","0"
"100",0.168900804289544,0.105882352941176,"auto.and.parX","0.5","0.1","0"
"101",0.14246947082768,0.140684410646388,"auto.and.parX","0.5","0.1","0"
"102",0.100671140939597,0.06640625,"auto.and.parX","0.5","0.1","0"
"103",0.50668449197861,0.587301587301587,"auto.and.parX","0.5","0.1","0"
"104",0.0691489361702128,0.0528455284552846,"auto.and.parX","0.5","0.1","0"
"105",0.0647773279352227,0.0810810810810811,"auto.and.parX","0.5","0.1","0"
"106",0.29155672823219,0.239669421487603,"auto.and.parX","0.5","0.1","0"
"107",0.0106809078771696,0.00403225806451613,"auto.and.parX","0.5","0.1","0"
"108",0.096,0.0876494023904383,"auto.and.parX","0.5","0.1","0"
"109",0.020997375328084,0.0126582278481013,"auto.and.parX","0.5","0.1","0"
"110",0.0569877883310719,0.0763358778625954,"auto.and.parX","0.5","0.1","0"
"111",0.0837912087912088,0.110294117647059,"auto.and.parX","0.5","0.1","0"
"112",0.0827679782903663,0.0950570342205323,"auto.and.parX","0.5","0.1","0"
"113",0.0387700534759358,0.047808764940239,"auto.and.parX","0.5","0.1","0"
"114",0.43848167539267,0.472573839662447,"auto.and.parX","0.5","0.1","0"
"115",0.0824324324324324,0.0965250965250965,"auto.and.parX","0.5","0.1","0"
"116",0.149732620320856,0.197628458498024,"auto.and.parX","0.5","0.1","0"
"117",0.211668928086839,0.25,"auto.and.parX","0.5","0.1","0"
"118",0.0486486486486487,0.0154440154440154,"auto.and.parX","0.5","0.1","0"
"119",0.0362903225806452,0.0233463035019455,"auto.and.parX","0.5","0.1","0"
"120",0.072192513368984,0.102766798418972,"auto.and.parX","0.5","0.1","0"
"121",0.0456989247311828,0.0431372549019608,"auto.and.parX","0.5","0.1","0"
"122",0.0461133069828722,0.024896265560166,"auto.and.parX","0.5","0.1","0"
"123",0.438524590163934,0.503731343283582,"auto.and.parX","0.5","0.1","0"
"124",0.0761014686248331,0.107142857142857,"auto.and.parX","0.5","0.1","0"
"125",0.0411140583554377,0.0365853658536585,"auto.and.parX","0.5","0.1","0"
"126",0.390309555854643,0.424124513618677,"auto.and.parX","0.5","0.1","0"
"127",0.0932090545938748,0.112449799196787,"auto.and.parX","0.5","0.1","0"
"128",0.0939597315436242,0.0852713178294574,"auto.and.parX","0.5","0.1","0"
"129",0.0946502057613169,0.137037037037037,"auto.and.parX","0.5","0.1","0"
"130",0.068,0.056,"auto.and.parX","0.5","0.1","0"
"131",0.0458715596330275,0.029535864978903,"auto.and.parX","0.5","0.1","0"
"132",0.115691489361702,0.0772357723577236,"auto.and.parX","0.5","0.1","0"
"133",0.136856368563686,0.111538461538462,"auto.and.parX","0.5","0.1","0"
"134",0.0541611624834875,0.0246913580246914,"auto.and.parX","0.5","0.1","0"
"135",0.047554347826087,0.0727969348659004,"auto.and.parX","0.5","0.1","0"
"136",0.484126984126984,0.530612244897959,"auto.and.parX","0.5","0.1","0"
"137",0.272606382978723,0.25609756097561,"auto.and.parX","0.5","0.1","0"
"138",0.0459921156373193,0.0840336134453782,"auto.and.parX","0.5","0.1","0"
"139",0.0848563968668407,0.0897435897435897,"auto.and.parX","0.5","0.1","0"
"140",0.0994694960212202,0.0569105691056911,"auto.and.parX","0.5","0.1","0"
"141",0.0106951871657754,0.00396825396825397,"auto.and.parX","0.5","0.1","0"
"142",0.118825100133511,0.214285714285714,"auto.and.parX","0.5","0.1","0"
"143",0.323529411764706,0.300395256916996,"auto.and.parX","0.5","0.1","0"
"144",0.325333333333333,0.252,"auto.and.parX","0.5","0.1","0"
"145",0.248663101604278,0.257936507936508,"auto.and.parX","0.5","0.1","0"
"146",0.0854139290407359,0.075,"auto.and.parX","0.5","0.1","0"
"147",0.0987983978638184,0.156,"auto.and.parX","0.5","0.1","0"
"148",0.0778523489932886,0.109375,"auto.and.parX","0.5","0.1","0"
"149",0.0935828877005348,0.123015873015873,"auto.and.parX","0.5","0.1","0"
"150",0.0843214756258235,0.0580912863070539,"auto.and.parX","0.5","0.1","0"
"151",0.0162822252374491,0,"auto.and.parX","0.5","0.1","0"
"152",0.343873517786561,0.302904564315353,"auto.and.parX","0.5","0.1","0"
"153",0.497326203208556,0.464285714285714,"auto.and.parX","0.5","0.1","0"
"154",0.0970744680851064,0.0890688259109312,"auto.and.parX","0.5","0.1","0"
"155",0.449006622516556,0.384297520661157,"auto.and.parX","0.5","0.1","0"
"156",0.21870882740448,0.174273858921162,"auto.and.parX","0.5","0.1","0"
"157",0.0635761589403974,0.0983606557377049,"auto.and.parX","0.5","0.1","0"
"158",0.0506666666666667,0.044,"auto.and.parX","0.5","0.1","0"
"159",0.377631578947368,0.425,"auto.and.parX","0.5","0.1","0"
"160",0.0276679841897233,0.029045643153527,"auto.and.parX","0.5","0.1","0"
"161",0.333333333333333,0.376425855513308,"auto.and.parX","0.5","0.1","0"
"162",0.0973333333333333,0.068,"auto.and.parX","0.5","0.1","0"
"163",0.0410596026490066,0.0524193548387097,"auto.and.parX","0.5","0.1","0"
"164",0.0689655172413793,0.0365853658536585,"auto.and.parX","0.5","0.1","0"
"165",0.0646437994722955,0.0573770491803279,"auto.and.parX","0.5","0.1","0"
"166",0.116059379217274,0.123552123552124,"auto.and.parX","0.5","0.1","0"
"167",0.0226364846870839,0.012,"auto.and.parX","0.5","0.1","0"
"168",0.274324324324324,0.262745098039216,"auto.and.parX","0.5","0.1","0"
"169",0.0421768707482993,0.0378787878787879,"auto.and.parX","0.5","0.1","0"
"170",0.0530503978779841,0.0487804878048781,"auto.and.parX","0.5","0.1","0"
"171",0.118037135278515,0.199186991869919,"auto.and.parX","0.5","0.1","0"
"172",0.619492656875834,0.656,"auto.and.parX","0.5","0.1","0"
"173",0.100263852242744,0.159836065573771,"auto.and.parX","0.5","0.1","0"
"174",0.853137516688919,0.892430278884462,"auto.and.parX","0.5","0.1","0"
"175",0.104849279161206,0.0632911392405063,"auto.and.parX","0.5","0.1","0"
"176",0.0215633423180593,0.0466926070038911,"auto.and.parX","0.5","0.1","0"
"177",0.128032345013477,0.101167315175097,"auto.and.parX","0.5","0.1","0"
"178",0.253369272237197,0.255813953488372,"auto.and.parX","0.5","0.1","0"
"179",0.11096256684492,0.0632411067193676,"auto.and.parX","0.5","0.1","0"
"180",0.0213618157543391,0.0281124497991968,"auto.and.parX","0.5","0.1","0"
"181",0.490066225165563,0.510204081632653,"auto.and.parX","0.5","0.1","0"
"182",0.0268096514745308,0.0316205533596838,"auto.and.parX","0.5","0.1","0"
"183",0.161725067385445,0.178988326848249,"auto.and.parX","0.5","0.1","0"
"184",0.0187667560321716,0.0395256916996047,"auto.and.parX","0.5","0.1","0"
"185",0.122994652406417,0.115079365079365,"auto.and.parX","0.5","0.1","0"
"186",0.138482023968043,0.125506072874494,"auto.and.parX","0.5","0.1","0"
"187",0.545454545454545,0.442687747035573,"auto.and.parX","0.5","0.1","0"
"188",0.274064171122995,0.261904761904762,"auto.and.parX","0.5","0.1","0"
"189",0.0585106382978723,0.0604838709677419,"auto.and.parX","0.5","0.1","0"
"190",0.0798934753661784,0.0688259109311741,"auto.and.parX","0.5","0.1","0"
"191",0.0145888594164456,0.0122448979591837,"auto.and.parX","0.5","0.1","0"
"192",0.0528401585204756,0.0617283950617284,"auto.and.parX","0.5","0.1","0"
"193",0.113513513513514,0.0736434108527132,"auto.and.parX","0.5","0.1","0"
"194",0.0852819807427785,0.0959409594095941,"auto.and.parX","0.5","0.1","0"
"195",0.00801068090787717,0.0158730158730159,"auto.and.parX","0.5","0.1","0"
"196",0.0933333333333333,0.0796812749003984,"auto.and.parX","0.5","0.1","0"
"197",0.038563829787234,0.04,"auto.and.parX","0.5","0.1","0"
"198",0.0678191489361702,0.0481927710843374,"auto.and.parX","0.5","0.1","0"
"199",0.14441416893733,0.136363636363636,"auto.and.parX","0.5","0.1","0"
"200",0.221467391304348,0.212121212121212,"auto.and.parX","0.5","0.1","0"
"201",0.636122177954847,0.620967741935484,"auto.and.parX","0.5","0.1","0"
"202",0.0263852242744063,0.0413223140495868,"auto.and.parX","0.5","0.1","0"
"203",0.103078982597055,0.107142857142857,"auto.and.parX","0.5","0.1","0"
"204",0.0664010624169987,0.0647773279352227,"auto.and.parX","0.5","0.1","0"
"205",0.0396301188903567,0.0163265306122449,"auto.and.parX","0.5","0.1","0"
"206",0.0338983050847458,0.0344827586206897,"auto.and.parX","0.5","0.1","0"
"207",0.142287234042553,0.130081300813008,"auto.and.parX","0.5","0.1","0"
"208",0.013262599469496,0.016260162601626,"auto.and.parX","0.5","0.1","0"
"209",0.109919571045576,0.125984251968504,"auto.and.parX","0.5","0.1","0"
"210",0.0634081902245707,0.0867768595041322,"auto.and.parX","0.5","0.1","0"
"211",0.382894736842105,0.435146443514644,"auto.and.parX","0.5","0.1","0"
"212",0.472409152086137,0.400778210116732,"auto.and.parX","0.5","0.1","0"
"213",0.126162018592297,0.165991902834008,"auto.and.parX","0.5","0.1","0"
"214",0.1278600269179,0.116731517509728,"auto.and.parX","0.5","0.1","0"
"215",0.0422721268163804,0.0571428571428571,"auto.and.parX","0.5","0.1","0"
"216",0.0315068493150685,0.0483271375464684,"auto.and.parX","0.5","0.1","0"
"217",0.0386151797603196,0.0240963855421687,"auto.and.parX","0.5","0.1","0"
"218",0.0330687830687831,0.00408163265306122,"auto.and.parX","0.5","0.1","0"
"219",0.28,0.305220883534137,"auto.and.parX","0.5","0.1","0"
"220",0.629878869448183,0.596899224806202,"auto.and.parX","0.5","0.1","0"
"221",0.150666666666667,0.137096774193548,"auto.and.parX","0.5","0.1","0"
"222",0.200819672131148,0.246268656716418,"auto.and.parX","0.5","0.1","0"
"223",0.0467289719626168,0.0436507936507936,"auto.and.parX","0.5","0.1","0"
"224",0.253632760898283,0.164609053497942,"auto.and.parX","0.5","0.1","0"
"225",0.288227334235453,0.312741312741313,"auto.and.parX","0.5","0.1","0"
"226",0.096128170894526,0.12,"auto.and.parX","0.5","0.1","0"
"227",0.124165554072096,0.0796812749003984,"auto.and.parX","0.5","0.1","0"
"228",0.0582781456953642,0.0653061224489796,"auto.and.parX","0.5","0.1","0"
"229",0.230458221024259,0.213178294573643,"auto.and.parX","0.5","0.1","0"
"230",0.312252964426877,0.333333333333333,"auto.and.parX","0.5","0.1","0"
"231",0.0304635761589404,0.0245901639344262,"auto.and.parX","0.5","0.1","0"
"232",0.398936170212766,0.368421052631579,"auto.and.parX","0.5","0.1","0"
"233",0.0528401585204756,0.0288065843621399,"auto.and.parX","0.5","0.1","0"
"234",0.104138851802403,0.1285140562249,"auto.and.parX","0.5","0.1","0"
"235",0.0610583446404342,0.0874524714828897,"auto.and.parX","0.5","0.1","0"
"236",0.0670170827858081,0.0590717299578059,"auto.and.parX","0.5","0.1","0"
"237",0.176084099868594,0.114406779661017,"auto.and.parX","0.5","0.1","0"
"238",0.356763925729443,0.317073170731707,"auto.and.parX","0.5","0.1","0"
"239",0.0203527815468114,0.0303030303030303,"auto.and.parX","0.5","0.1","0"
"240",0.0827770360480641,0.0711462450592885,"auto.and.parX","0.5","0.1","0"
"241",0.168463611859838,0.124031007751938,"auto.and.parX","0.5","0.1","0"
"242",0.056953642384106,0.0728744939271255,"auto.and.parX","0.5","0.1","0"
"243",0.0623306233062331,0.0757575757575758,"auto.and.parX","0.5","0.1","0"
"244",0.0447761194029851,0.0419847328244275,"auto.and.parX","0.5","0.1","0"
"245",0.0763983628922237,0.0792452830188679,"auto.and.parX","0.5","0.1","0"
"246",0.064,0.06,"auto.and.parX","0.5","0.1","0"
"247",0.0116883116883117,0.00881057268722467,"auto.and.parX","0.5","0.1","0"
"248",0.205804749340369,0.206611570247934,"auto.and.parX","0.5","0.1","0"
"249",0.0833333333333333,0.08203125,"auto.and.parX","0.5","0.1","0"
"250",0.241565452091768,0.297297297297297,"auto.and.parX","0.5","0.1","0"
"251",0.113636363636364,0.0992063492063492,"auto.and.parX","0.5","0.1","0"
"252",0.0809018567639257,0.0571428571428571,"auto.and.parX","0.5","0.1","0"
"253",0.0602409638554217,0.0398406374501992,"auto.and.parX","0.5","0.1","0"
"254",0.0567282321899736,0.0534979423868313,"auto.and.parX","0.5","0.1","0"
"255",0.171122994652406,0.158102766798419,"auto.and.parX","0.5","0.1","0"
"256",0.388440860215054,0.466666666666667,"auto.and.parX","0.5","0.1","0"
"257",0.08300395256917,0.0539419087136929,"auto.and.parX","0.5","0.1","0"
"258",0.0882352941176471,0.0753968253968254,"auto.and.parX","0.5","0.1","0"
"259",0.078042328042328,0.10655737704918,"auto.and.parX","0.5","0.1","0"
"260",0.0373333333333333,0.0401606425702811,"auto.and.parX","0.5","0.1","0"
"261",0.114513981358189,0.104838709677419,"auto.and.parX","0.5","0.1","0"
"262",0.0440587449933244,0.0557768924302789,"auto.and.parX","0.5","0.1","0"
"263",0.0302233902759527,0.029045643153527,"auto.and.parX","0.5","0.1","0"
"264",0.0841248303934871,0.0727969348659004,"auto.and.parX","0.5","0.1","0"
"265",0.0970350404312668,0.111969111969112,"auto.and.parX","0.5","0.1","0"
"266",0.454664914586071,0.454166666666667,"auto.and.parX","0.5","0.1","0"
"267",0.189516129032258,0.12890625,"auto.and.parX","0.5","0.1","0"
"268",0.0529100529100529,0.0576131687242798,"auto.and.parX","0.5","0.1","0"
"269",0.296791443850267,0.281746031746032,"auto.and.parX","0.5","0.1","0"
"270",0.42741935483871,0.470817120622568,"auto.and.parX","0.5","0.1","0"
"271",0.0960757780784844,0.0687022900763359,"auto.and.parX","0.5","0.1","0"
"272",0.0529100529100529,0.0534979423868313,"auto.and.parX","0.5","0.1","0"
"273",0.445178335535007,0.351020408163265,"auto.and.parX","0.5","0.1","0"
"274",0.063257065948856,0.08984375,"auto.and.parX","0.5","0.1","0"
"275",0.342666666666667,0.436,"auto.and.parX","0.5","0.1","0"
"276",0.193633952254642,0.269387755102041,"auto.and.parX","0.5","0.1","0"
"277",0.86479250334672,0.87007874015748,"auto.and.parX","0.5","0.1","0"
"278",0.429512516469038,0.427385892116183,"auto.and.parX","0.5","0.1","0"
"279",0.424731182795699,0.389105058365759,"auto.and.parX","0.5","0.1","0"
"280",0.0598639455782313,0.0833333333333333,"auto.and.parX","0.5","0.1","0"
"281",0.0479360852197071,0.0604838709677419,"auto.and.parX","0.5","0.1","0"
"282",0.164625850340136,0.240601503759398,"auto.and.parX","0.5","0.1","0"
"283",0.204755614266843,0.229166666666667,"auto.and.parX","0.5","0.1","0"
"284",0.155172413793103,0.211382113821138,"auto.and.parX","0.5","0.1","0"
"285",0.0535475234270415,0.0511811023622047,"auto.and.parX","0.5","0.1","0"
"286",0.480272108843537,0.490566037735849,"auto.and.parX","0.5","0.1","0"
"287",0.157199471598415,0.139917695473251,"auto.and.parX","0.5","0.1","0"
"288",0.187079407806191,0.1484375,"auto.and.parX","0.5","0.1","0"
"289",0.211640211640212,0.283950617283951,"auto.and.parX","0.5","0.1","0"
"290",0.053133514986376,0.0265151515151515,"auto.and.parX","0.5","0.1","0"
"291",0.0606469002695418,0.0501930501930502,"auto.and.parX","0.5","0.1","0"
"292",0.0768194070080863,0.0772200772200772,"auto.and.parX","0.5","0.1","0"
"293",0.0918774966711052,0.0481927710843374,"auto.and.parX","0.5","0.1","0"
"294",0.858887381275441,0.798479087452472,"auto.and.parX","0.5","0.1","0"
"295",0.0837765957446809,0.0846774193548387,"auto.and.parX","0.5","0.1","0"
"296",0.0226063829787234,0.0121457489878543,"auto.and.parX","0.5","0.1","0"
"297",0.0683311432325887,0.0829875518672199,"auto.and.parX","0.5","0.1","0"
"298",0.10228802153432,0.0703125,"auto.and.parX","0.5","0.1","0"
"299",0.104166666666667,0.145299145299145,"auto.and.parX","0.5","0.1","0"
"300",0.00802139037433155,0.0159362549800797,"auto.and.parX","0.5","0.1","0"
"301",0.450797872340426,0.365461847389558,"auto.and.parX","0.5","0.1","0"
"302",0.5,0.5,"auto.and.parX","0.5","0.1","0"
"303",0.741588156123822,0.778210116731518,"auto.and.parX","0.5","0.1","0"
"304",0.621231979030144,0.611814345991561,"auto.and.parX","0.5","0.1","0"
"305",0.378706199460916,0.4140625,"auto.and.parX","0.5","0.1","0"
"306",0.0790884718498659,0.0745098039215686,"auto.and.parX","0.5","0.1","0"
"307",0.139841688654354,0.0991735537190083,"auto.and.parX","0.5","0.1","0"
"308",0.0756972111553785,0.0931174089068826,"auto.and.parX","0.5","0.1","0"
"309",0.0254691689008043,0.0275590551181102,"auto.and.parX","0.5","0.1","0"
"310",0.0695770804911323,0.0374531835205993,"auto.and.parX","0.5","0.1","0"
"311",0.44137022397892,0.402489626556017,"auto.and.parX","0.5","0.1","0"
"312",0.0223684210526316,0.0497925311203319,"auto.and.parX","0.5","0.1","0"
"313",0.0623342175066313,0.101626016260163,"auto.and.parX","0.5","0.1","0"
"314",0.146739130434783,0.181132075471698,"auto.and.parX","0.5","0.1","0"
"315",0.0876010781671159,0.05,"auto.and.parX","0.5","0.1","0"
"316",0.0925925925925926,0.110655737704918,"auto.and.parX","0.5","0.1","0"
"317",0.0490716180371353,0.0244897959183673,"auto.and.parX","0.5","0.1","0"
"318",0.0526315789473684,0.0505836575875486,"auto.and.parX","0.5","0.1","0"
"319",0.106182795698925,0.120622568093385,"auto.and.parX","0.5","0.1","0"
"320",0.129506008010681,0.126984126984127,"auto.and.parX","0.5","0.1","0"
"321",0.061415220293725,0.04,"auto.and.parX","0.5","0.1","0"
"322",0.108433734939759,0.0671936758893281,"auto.and.parX","0.5","0.1","0"
"323",0.0421768707482993,0.0451127819548872,"auto.and.parX","0.5","0.1","0"
"324",0.235849056603774,0.217054263565891,"auto.and.parX","0.5","0.1","0"
"325",0.0144356955380577,0.00421940928270042,"auto.and.parX","0.5","0.1","0"
"326",0.526809651474531,0.543650793650794,"auto.and.parX","0.5","0.1","0"
"327",0.0325945241199478,0.00858369098712446,"auto.and.parX","0.5","0.1","0"
"328",0.0318302387267905,0.0122448979591837,"auto.and.parX","0.5","0.1","0"
"329",0.13941018766756,0.149606299212598,"auto.and.parX","0.5","0.1","0"
"330",0.935656836461126,0.96078431372549,"auto.and.parX","0.5","0.1","0"
"331",0.0430809399477807,0.0257510729613734,"auto.and.parX","0.5","0.1","0"
"332",0.0604838709677419,0.08984375,"auto.and.parX","0.5","0.1","0"
"333",0.124331550802139,0.119047619047619,"auto.and.parX","0.5","0.1","0"
"334",0.0736278447121821,0.075098814229249,"auto.and.parX","0.5","0.1","0"
"335",0.0199203187250996,0.0121951219512195,"auto.and.parX","0.5","0.1","0"
"336",0.428571428571429,0.468354430379747,"auto.and.parX","0.5","0.1","0"
"337",0.0688259109311741,0.0730769230769231,"auto.and.parX","0.5","0.1","0"
"338",0.478609625668449,0.52,"auto.and.parX","0.5","0.1","0"
"339",0.0869565217391304,0.100418410041841,"auto.and.parX","0.5","0.1","0"
"340",0.302788844621514,0.281124497991968,"auto.and.parX","0.5","0.1","0"
"341",0.089572192513369,0.0876494023904383,"auto.and.parX","0.5","0.1","0"
"342",0.405114401076716,0.38671875,"auto.and.parX","0.5","0.1","0"
"343",0.829530201342282,0.84765625,"auto.and.parX","0.5","0.1","0"
"344",0.0746666666666667,0.0632411067193676,"auto.and.parX","0.5","0.1","0"
"345",0.116248348745046,0.135245901639344,"auto.and.parX","0.5","0.1","0"
"346",0.27391874180865,0.333333333333333,"auto.and.parX","0.5","0.1","0"
"347",0.109017496635262,0.137254901960784,"auto.and.parX","0.5","0.1","0"
"348",0.0255720053835801,0,"auto.and.parX","0.5","0.1","0"
"349",0.0685483870967742,0.06640625,"auto.and.parX","0.5","0.1","0"
"350",0.0513513513513514,0.062015503875969,"auto.and.parX","0.5","0.1","0"
"351",0.281578947368421,0.220833333333333,"auto.and.parX","0.5","0.1","0"
"352",0.0398936170212766,0.0362903225806452,"auto.and.parX","0.5","0.1","0"
"353",0.0753968253968254,0.110655737704918,"auto.and.parX","0.5","0.1","0"
"354",0.133689839572193,0.168,"auto.and.parX","0.5","0.1","0"
"355",0.0942895086321381,0.117886178861789,"auto.and.parX","0.5","0.1","0"
"356",0.256308100929615,0.311740890688259,"auto.and.parX","0.5","0.1","0"
"357",0.442687747035573,0.423236514522822,"auto.and.parX","0.5","0.1","0"
"358",0.0493991989319092,0.0436507936507936,"auto.and.parX","0.5","0.1","0"
"359",0.0881971465629053,0.0175438596491228,"auto.and.parX","0.5","0.1","0"
"360",0.0424403183023873,0.0614754098360656,"auto.and.parX","0.5","0.1","0"
"361",0.0629095674967235,0.0759493670886076,"auto.and.parX","0.5","0.1","0"
"362",0.0320427236315087,0.044,"auto.and.parX","0.5","0.1","0"
"363",0.0612516644474035,0.100401606425703,"auto.and.parX","0.5","0.1","0"
"364",0.0461741424802111,0.0289256198347107,"auto.and.parX","0.5","0.1","0"
"365",0.386243386243386,0.278688524590164,"auto.and.parX","0.5","0.1","0"
"366",0.0572569906790945,0.0522088353413655,"auto.and.parX","0.5","0.1","0"
"367",0.103723404255319,0.11336032388664,"auto.and.parX","0.5","0.1","0"
"368",0.0773333333333333,0.072289156626506,"auto.and.parX","0.5","0.1","0"
"369",0.245257452574526,0.343511450381679,"auto.and.parX","0.5","0.1","0"
"370",0.310901749663526,0.291828793774319,"auto.and.parX","0.5","0.1","0"
"371",0.00532623169107856,0.008,"auto.and.parX","0.5","0.1","0"
"372",0.0603217158176944,0.0590551181102362,"auto.and.parX","0.5","0.1","0"
"373",0.171122994652406,0.173913043478261,"auto.and.parX","0.5","0.1","0"
"374",0.456953642384106,0.479674796747967,"auto.and.parX","0.5","0.1","0"
"375",0.0720108695652174,0.0722433460076046,"auto.and.parX","0.5","0.1","0"
"376",0.151069518716578,0.122529644268775,"auto.and.parX","0.5","0.1","0"
"377",0.482849604221636,0.539419087136929,"auto.and.parX","0.5","0.1","0"
"378",0.00792602377807133,0.00411522633744856,"auto.and.parX","0.5","0.1","0"
"379",0.116710875331565,0.0938775510204082,"auto.and.parX","0.5","0.1","0"
"380",0.11820652173913,0.140151515151515,"auto.and.parX","0.5","0.1","0"
"381",0.419047619047619,0.397003745318352,"auto.and.parX","0.5","0.1","0"
"382",0.0917553191489362,0.0883534136546185,"auto.and.parX","0.5","0.1","0"
"383",0.0184210526315789,0.0165289256198347,"auto.and.parX","0.5","0.1","0"
"384",0.126514131897712,0.138996138996139,"auto.and.parX","0.5","0.1","0"
"385",0.068241469816273,0.0379746835443038,"auto.and.parX","0.5","0.1","0"
"386",0.0269179004037685,0.0233463035019455,"auto.and.parX","0.5","0.1","0"
"387",0.160994764397906,0.189075630252101,"auto.and.parX","0.5","0.1","0"
"388",0.162853297442799,0.155038759689922,"auto.and.parX","0.5","0.1","0"
"389",0.116621983914209,0.122529644268775,"auto.and.parX","0.5","0.1","0"
"390",0.187079407806191,0.173745173745174,"auto.and.parX","0.5","0.1","0"
"391",0.3984375,0.354700854700855,"auto.and.parX","0.5","0.1","0"
"392",0.157318741450068,0.194029850746269,"auto.and.parX","0.5","0.1","0"
"393",0.0326370757180157,0.0299145299145299,"auto.and.parX","0.5","0.1","0"
"394",0.0552631578947368,0.037344398340249,"auto.and.parX","0.5","0.1","0"
"395",0.138482023968043,0.112449799196787,"auto.and.parX","0.5","0.1","0"
"396",0.0199733688415446,0.0564516129032258,"auto.and.parX","0.5","0.1","0"
"397",0.032258064516129,0.0116731517509728,"auto.and.parX","0.5","0.1","0"
"398",0.220451527224436,0.164658634538153,"auto.and.parX","0.5","0.1","0"
"399",0.0932090545938748,0.088,"auto.and.parX","0.5","0.1","0"
"400",0.0635994587280108,0.0766283524904215,"auto.and.parX","0.5","0.1","0"
"401",0.113055181695828,0.078740157480315,"auto.and.parX","0.5","0.1","0"
"402",0.0532623169107856,0.0321285140562249,"auto.and.parX","0.5","0.1","0"
"403",0.0762032085561497,0.0555555555555556,"auto.and.parX","0.5","0.1","0"
"404",0.12992125984252,0.147058823529412,"auto.and.parX","0.5","0.1","0"
"405",0.442077230359521,0.393574297188755,"auto.and.parX","0.5","0.1","0"
"406",0.228047182175623,0.241525423728814,"auto.and.parX","0.5","0.1","0"
"407",0.0721784776902887,0.0882352941176471,"auto.and.parX","0.5","0.1","0"
"408",0.599206349206349,0.604938271604938,"auto.and.parX","0.5","0.1","0"
"409",0.0582010582010582,0.0246913580246914,"auto.and.parX","0.5","0.1","0"
"410",0.0807537012113055,0.0625,"auto.and.parX","0.5","0.1","0"
"411",0.0806451612903226,0.08984375,"auto.and.parX","0.5","0.1","0"
"412",0.0701058201058201,0.0614754098360656,"auto.and.parX","0.5","0.1","0"
"413",0.0754716981132075,0.0542635658914729,"auto.and.parX","0.5","0.1","0"
"414",0.11826544021025,0.132780082987552,"auto.and.parX","0.5","0.1","0"
"415",0.162234042553191,0.145161290322581,"auto.and.parX","0.5","0.1","0"
"416",0.0172642762284197,0.0121457489878543,"auto.and.parX","0.5","0.1","0"
"417",0.248,0.199203187250996,"auto.and.parX","0.5","0.1","0"
"418",0.55364238410596,0.581967213114754,"auto.and.parX","0.5","0.1","0"
"419",0.114666666666667,0.119521912350598,"auto.and.parX","0.5","0.1","0"
"420",0.0257104194857916,0.0343511450381679,"auto.and.parX","0.5","0.1","0"
"421",0.422043010752688,0.44140625,"auto.and.parX","0.5","0.1","0"
"422",0.828947368421053,0.829166666666667,"auto.and.parX","0.5","0.1","0"
"423",0.0672947510094213,0.08203125,"auto.and.parX","0.5","0.1","0"
"424",0.478029294274301,0.431451612903226,"auto.and.parX","0.5","0.1","0"
"425",0.605442176870748,0.661654135338346,"auto.and.parX","0.5","0.1","0"
"426",0.226790450928382,0.215447154471545,"auto.and.parX","0.5","0.1","0"
"427",0.0874831763122476,0.06640625,"auto.and.parX","0.5","0.1","0"
"428",0.131720430107527,0.132295719844358,"auto.and.parX","0.5","0.1","0"
"429",0.0569105691056911,0.0381679389312977,"auto.and.parX","0.5","0.1","0"
"430",0.0702702702702703,0.0891472868217054,"auto.and.parX","0.5","0.1","0"
"431",0.0265957446808511,0.032258064516129,"auto.and.parX","0.5","0.1","0"
"432",0.255599472990777,0.239669421487603,"auto.and.parX","0.5","0.1","0"
"433",0.56760374832664,0.541501976284585,"auto.and.parX","0.5","0.1","0"
"434",0.087696335078534,0.0920502092050209,"auto.and.parX","0.5","0.1","0"
"435",0.0847682119205298,0.0938775510204082,"auto.and.parX","0.5","0.1","0"
"436",0.0321285140562249,0.0198412698412698,"auto.and.parX","0.5","0.1","0"
"437",0.0798934753661784,0.120481927710843,"auto.and.parX","0.5","0.1","0"
"438",0.0717131474103586,0.097165991902834,"auto.and.parX","0.5","0.1","0"
"439",0.0498687664041995,0.0588235294117647,"auto.and.parX","0.5","0.1","0"
"440",0.229639519359146,0.257936507936508,"auto.and.parX","0.5","0.1","0"
"441",0.0510752688172043,0.08984375,"auto.and.parX","0.5","0.1","0"
"442",0.554803788903924,0.544061302681992,"auto.and.parX","0.5","0.1","0"
"443",0.0162162162162162,0.0115384615384615,"auto.and.parX","0.5","0.1","0"
"444",0.0625,0.0526315789473684,"auto.and.parX","0.5","0.1","0"
"445",0.0808625336927224,0.046875,"auto.and.parX","0.5","0.1","0"
"446",0.0563002680965147,0.0549019607843137,"auto.and.parX","0.5","0.1","0"
"447",0.0883534136546185,0.0793650793650794,"auto.and.parX","0.5","0.1","0"
"448",0.0818791946308725,0.0905511811023622,"auto.and.parX","0.5","0.1","0"
"449",0.0293724966622163,0.051792828685259,"auto.and.parX","0.5","0.1","0"
"450",0.0905459387483356,0.112449799196787,"auto.and.parX","0.5","0.1","0"
"451",0.136,0.116465863453815,"auto.and.parX","0.5","0.1","0"
"452",0.317397078353254,0.33739837398374,"auto.and.parX","0.5","0.1","0"
"453",0.0342105263157895,0.0291666666666667,"auto.and.parX","0.5","0.1","0"
"454",0.0652463382157124,0.116,"auto.and.parX","0.5","0.1","0"
"455",0.10228802153432,0.0775193798449612,"auto.and.parX","0.5","0.1","0"
"456",0.0183727034120735,0.0254237288135593,"auto.and.parX","0.5","0.1","0"
"457",0.0928667563930013,0.09375,"auto.and.parX","0.5","0.1","0"
"458",0.224965706447188,0.180147058823529,"auto.and.parX","0.5","0.1","0"
"459",0.0569877883310719,0.0418250950570342,"auto.and.parX","0.5","0.1","0"
"460",0.0568335588633288,0.0727969348659004,"auto.and.parX","0.5","0.1","0"
"461",0.581989247311828,0.635294117647059,"auto.and.parX","0.5","0.1","0"
"462",0.0671052631578947,0.075,"auto.and.parX","0.5","0.1","0"
"463",0.144594594594595,0.130268199233716,"auto.and.parX","0.5","0.1","0"
"464",0.278447121820616,0.264822134387352,"auto.and.parX","0.5","0.1","0"
"465",0.0985352862849534,0.072289156626506,"auto.and.parX","0.5","0.1","0"
"466",0.0307486631016043,0.0434782608695652,"auto.and.parX","0.5","0.1","0"
"467",0.255629139072848,0.344262295081967,"auto.and.parX","0.5","0.1","0"
"468",0.0773263433813893,0.1125,"auto.and.parX","0.5","0.1","0"
"469",0.0455153949129853,0.0511811023622047,"auto.and.parX","0.5","0.1","0"
"470",0.0395256916996047,0.0247933884297521,"auto.and.parX","0.5","0.1","0"
"471",0.121418826739427,0.139097744360902,"auto.and.parX","0.5","0.1","0"
"472",0.0132802124833997,0.0284552845528455,"auto.and.parX","0.5","0.1","0"
"473",0.00788436268068331,0,"auto.and.parX","0.5","0.1","0"
"474",0.397368421052632,0.406639004149378,"auto.and.parX","0.5","0.1","0"
"475",0.309236947791165,0.339920948616601,"auto.and.parX","0.5","0.1","0"
"476",0.260347129506008,0.26,"auto.and.parX","0.5","0.1","0"
"477",0.0656167979002625,0.0843881856540084,"auto.and.parX","0.5","0.1","0"
"478",0.0893333333333333,0.064,"auto.and.parX","0.5","0.1","0"
"479",0.0466045272969374,0.0887096774193548,"auto.and.parX","0.5","0.1","0"
"480",0.0258855585831063,0.0224719101123595,"auto.and.parX","0.5","0.1","0"
"481",0.0655957161981258,0.0476190476190476,"auto.and.parX","0.5","0.1","0"
"482",0.0508021390374332,0.0711462450592885,"auto.and.parX","0.5","0.1","0"
"483",0.457219251336898,0.468253968253968,"auto.and.parX","0.5","0.1","0"
"484",0.096,0.0239043824701195,"auto.and.parX","0.5","0.1","0"
"485",0.210810810810811,0.147286821705426,"auto.and.parX","0.5","0.1","0"
"486",0.334672021419009,0.370517928286853,"auto.and.parX","0.5","0.1","0"
"487",0.113055181695828,0.125,"auto.and.parX","0.5","0.1","0"
"488",0.201612903225806,0.21011673151751,"auto.and.parX","0.5","0.1","0"
"489",0.0395256916996047,0.0454545454545455,"auto.and.parX","0.5","0.1","0"
"490",0.0825439783491204,0.1,"auto.and.parX","0.5","0.1","0"
"491",0.242705570291777,0.150406504065041,"auto.and.parX","0.5","0.1","0"
"492",0.260752688172043,0.32156862745098,"auto.and.parX","0.5","0.1","0"
"493",0.0660377358490566,0.0733590733590734,"auto.and.parX","0.5","0.1","0"
"494",0.811827956989247,0.798449612403101,"auto.and.parX","0.5","0.1","0"
"495",0.0587449933244326,0.096,"auto.and.parX","0.5","0.1","0"
"496",0.032520325203252,0.0421455938697318,"auto.and.parX","0.5","0.1","0"
"497",0.0265957446808511,0.0281124497991968,"auto.and.parX","0.5","0.1","0"
"498",0.0589812332439678,0.0632411067193676,"auto.and.parX","0.5","0.1","0"
"499",0.486737400530504,0.48780487804878,"auto.and.parX","0.5","0.1","0"
"500",0.57010582010582,0.546938775510204,"auto.and.parX","0.5","0.1","0"
"501",0.0848563968668407,0.103448275862069,"auto.and.parX","0.5","0.1","0"
"502",0.313648293963255,0.327731092436975,"auto.and.parX","0.5","0.1","0"
"503",0.0675496688741722,0.119341563786008,"auto.and.parX","0.5","0.1","0"
"504",0.00673854447439353,0.0116279069767442,"auto.and.parX","0.5","0.1","0"
"505",0.206622516556291,0.17479674796748,"auto.and.parX","0.5","0.1","0"
"506",0.0426098535286285,0.0602409638554217,"auto.and.parX","0.5","0.1","0"
"507",0.140770252324037,0.117886178861789,"auto.and.parX","0.5","0.1","0"
"508",0.0700808625336927,0.107692307692308,"auto.and.parX","0.5","0.1","0"
"509",0.0216216216216216,0.053639846743295,"auto.and.parX","0.5","0.1","0"
"510",0.0574098798397864,0.0441767068273092,"auto.and.parX","0.5","0.1","0"
"511",0.103217158176944,0.0669291338582677,"auto.and.parX","0.5","0.1","0"
"512",0.105898123324397,0.118110236220472,"auto.and.parX","0.5","0.1","0"
"513",0.00528401585204756,0.00819672131147541,"auto.and.parX","0.5","0.1","0"
"514",0.0256064690026954,0.0389105058365759,"auto.and.parX","0.5","0.1","0"
"515",0.159685863874346,0.172995780590717,"auto.and.parX","0.5","0.1","0"
"516",0.313333333333333,0.348,"auto.and.parX","0.5","0.1","0"
"517",0.0106382978723404,0,"auto.and.parX","0.5","0.1","0"
"518",0.126666666666667,0.126482213438735,"auto.and.parX","0.5","0.1","0"
"519",0.0779569892473118,0.078125,"auto.and.parX","0.5","0.1","0"
"520",0.0373831775700935,0.0515873015873016,"auto.and.parX","0.5","0.1","0"
"521",0.0401606425702811,0.0433070866141732,"auto.and.parX","0.5","0.1","0"
"522",0.413369713506139,0.37593984962406,"auto.and.parX","0.5","0.1","0"
"523",0.0812250332889481,0.072289156626506,"auto.and.parX","0.5","0.1","0"
"524",0.0655957161981258,0.0436507936507936,"auto.and.parX","0.5","0.1","0"
"525",0.0461133069828722,0.0829875518672199,"auto.and.parX","0.5","0.1","0"
"526",0.126482213438735,0.168032786885246,"auto.and.parX","0.5","0.1","0"
"527",0.0318725099601594,0.0202429149797571,"auto.and.parX","0.5","0.1","0"
"528",0.0663129973474801,0.0448979591836735,"auto.and.parX","0.5","0.1","0"
"529",0.265856950067476,0.319230769230769,"auto.and.parX","0.5","0.1","0"
"530",0.0403768506056528,0.03515625,"auto.and.parX","0.5","0.1","0"
"531",0.653794940079893,0.594377510040161,"auto.and.parX","0.5","0.1","0"
"532",0.152722443559097,0.155102040816327,"auto.and.parX","0.5","0.1","0"
"533",0.119894598155468,0.120331950207469,"auto.and.parX","0.5","0.1","0"
"534",0.0430686406460296,0.0313725490196078,"auto.and.parX","0.5","0.1","0"
"535",0.319092122830441,0.396825396825397,"auto.and.parX","0.5","0.1","0"
"536",0.0663129973474801,0.0528455284552846,"auto.and.parX","0.5","0.1","0"
"537",0.133245382585752,0.115702479338843,"auto.and.parX","0.5","0.1","0"
"538",0.045822102425876,0.0503875968992248,"auto.and.parX","0.5","0.1","0"
"539",0.0690571049136786,0.0487804878048781,"auto.and.parX","0.5","0.1","0"
"540",0.0750670241286863,0.094488188976378,"auto.and.parX","0.5","0.1","0"
"541",0.138522427440633,0.148760330578512,"auto.and.parX","0.5","0.1","0"
"542",0.35475234270415,0.355731225296443,"auto.and.parX","0.5","0.1","0"
"543",0.109210526315789,0.0829875518672199,"auto.and.parX","0.5","0.1","0"
"544",0.0731382978723404,0.092741935483871,"auto.and.parX","0.5","0.1","0"
"545",0.372093023255814,0.384328358208955,"auto.and.parX","0.5","0.1","0"
"546",0.382037533512064,0.440944881889764,"auto.and.parX","0.5","0.1","0"
"547",0.703208556149733,0.711462450592885,"auto.and.parX","0.5","0.1","0"
"548",0.047682119205298,0.0202429149797571,"auto.and.parX","0.5","0.1","0"
"549",0.0506666666666667,0.104,"auto.and.parX","0.5","0.1","0"
"550",0.177631578947368,0.145833333333333,"auto.and.parX","0.5","0.1","0"
"551",0.143617021276596,0.165991902834008,"auto.and.parX","0.5","0.1","0"
"552",0.0849056603773585,0.0778210116731518,"auto.and.parX","0.5","0.1","0"
"553",0.526174496644295,0.517647058823529,"auto.and.parX","0.5","0.1","0"
"554",0.535904255319149,0.550200803212851,"auto.and.parX","0.5","0.1","0"
"555",0.180349932705249,0.159533073929961,"auto.and.parX","0.5","0.1","0"
"556",0.0827770360480641,0.0717131474103586,"auto.and.parX","0.5","0.1","0"
"557",0.122641509433962,0.0968992248062016,"auto.and.parX","0.5","0.1","0"
"558",0.188405797101449,0.165289256198347,"auto.and.parX","0.5","0.1","0"
"559",0.205333333333333,0.243027888446215,"auto.and.parX","0.5","0.1","0"
"560",0.0616621983914209,0.0431372549019608,"auto.and.parX","0.5","0.1","0"
"561",0.0505992010652463,0.100401606425703,"auto.and.parX","0.5","0.1","0"
"562",0.0520156046814044,0.0562770562770563,"auto.and.parX","0.5","0.1","0"
"563",0.504623513870542,0.551440329218107,"auto.and.parX","0.5","0.1","0"
"564",0.121010638297872,0.125506072874494,"auto.and.parX","0.5","0.1","0"
"565",0.0915119363395226,0.117408906882591,"auto.and.parX","0.5","0.1","0"
"566",0.0389261744966443,0.0511811023622047,"auto.and.parX","0.5","0.1","0"
"567",0.0357615894039735,0.0285714285714286,"auto.and.parX","0.5","0.1","0"
"568",0.050531914893617,0.0883534136546185,"auto.and.parX","0.5","0.1","0"
"569",0.455511288180611,0.461538461538462,"auto.and.parX","0.5","0.1","0"
"570",0.14769647696477,0.163498098859316,"auto.and.parX","0.5","0.1","0"
"571",0.611859838274933,0.626923076923077,"auto.and.parX","0.5","0.1","0"
"572",0.10857908847185,0.12109375,"auto.and.parX","0.5","0.1","0"
"573",0.0482398956975228,0.0641025641025641,"auto.and.parX","0.5","0.1","0"
"574",0.0452127659574468,0.0443548387096774,"auto.and.parX","0.5","0.1","0"
"575",0.0487144790257104,0.0689655172413793,"auto.and.parX","0.5","0.1","0"
"576",0.018641810918775,0.0445344129554656,"auto.and.parX","0.5","0.1","0"
"577",0.0545212765957447,0.036144578313253,"auto.and.parX","0.5","0.1","0"
"578",0.236702127659574,0.286290322580645,"auto.and.parX","0.5","0.1","0"
"579",0.336032388663968,0.338461538461538,"auto.and.parX","0.5","0.1","0"
"580",0.306149732620321,0.268,"auto.and.parX","0.5","0.1","0"
"581",0.144399460188934,0.122137404580153,"auto.and.parX","0.5","0.1","0"
"582",0.345953002610966,0.28755364806867,"auto.and.parX","0.5","0.1","0"
"583",0.00923482849604222,0.00411522633744856,"auto.and.parX","0.5","0.1","0"
"584",0.022972972972973,0.0154440154440154,"auto.and.parX","0.5","0.1","0"
"585",0.0555555555555556,0.0493827160493827,"auto.and.parX","0.5","0.1","0"
"586",0.121457489878543,0.110687022900763,"auto.and.parX","0.5","0.1","0"
"587",0.0715249662618084,0.0730769230769231,"auto.and.parX","0.5","0.1","0"
"588",0.0944372574385511,0.079295154185022,"auto.and.parX","0.5","0.1","0"
"589",0.459893048128342,0.41501976284585,"auto.and.parX","0.5","0.1","0"
"590",0.262187088274045,0.252066115702479,"auto.and.parX","0.5","0.1","0"
"591",0.230053191489362,0.231707317073171,"auto.and.parX","0.5","0.1","0"
"592",0.491344873501997,0.54,"auto.and.parX","0.5","0.1","0"
"593",0.0555555555555556,0.0737704918032787,"auto.and.parX","0.5","0.1","0"
"594",0.848605577689243,0.847389558232932,"auto.and.parX","0.5","0.1","0"
"595",0.648395721925134,0.555555555555556,"auto.and.parX","0.5","0.1","0"
"596",0.189839572192513,0.138888888888889,"auto.and.parX","0.5","0.1","0"
"597",0.173970783532537,0.247967479674797,"auto.and.parX","0.5","0.1","0"
"598",0.0577956989247312,0.0546875,"auto.and.parX","0.5","0.1","0"
"599",0.190159574468085,0.174089068825911,"auto.and.parX","0.5","0.1","0"
"600",0.214666666666667,0.214574898785425,"auto.and.parX","0.5","0.1","0"
"601",0.240320427236315,0.302788844621514,"auto.and.parX","0.5","0.1","0"
"602",0.0764163372859025,0.0539419087136929,"auto.and.parX","0.5","0.1","0"
"603",0.200267022696929,0.204,"auto.and.parX","0.5","0.1","0"
"604",0.0254010695187166,0.00396825396825397,"auto.and.parX","0.5","0.1","0"
"605",0.0240963855421687,0.0276679841897233,"auto.and.parX","0.5","0.1","0"
"606",0.0802139037433155,0.0753968253968254,"auto.and.parX","0.5","0.1","0"
"607",0.13225371120108,0.13671875,"auto.and.parX","0.5","0.1","0"
"608",0.0227576974564926,0.0158102766798419,"auto.and.parX","0.5","0.1","0"
"609",0.199460916442049,0.232558139534884,"auto.and.parX","0.5","0.1","0"
"610",0.0293724966622163,0.0199203187250996,"auto.and.parX","0.5","0.1","0"
"611",0.0306258322237017,0.0282258064516129,"auto.and.parX","0.5","0.1","0"
"612",0.0849933598937583,0.0562248995983936,"auto.and.parX","0.5","0.1","0"
"613",0.0174496644295302,0.0546875,"auto.and.parX","0.5","0.1","0"
"614",0.236601307189542,0.222689075630252,"auto.and.parX","0.5","0.1","0"
"615",0.173024523160763,0.166037735849057,"auto.and.parX","0.5","0.1","0"
"616",0.0256064690026954,0.0192307692307692,"auto.and.parX","0.5","0.1","0"
"617",0.0733333333333333,0.06,"auto.and.parX","0.5","0.1","0"
"618",0.0787716955941255,0.0717131474103586,"auto.and.parX","0.5","0.1","0"
"619",0.186915887850467,0.150793650793651,"auto.and.parX","0.5","0.1","0"
"620",0.0739247311827957,0.11328125,"auto.and.parX","0.5","0.1","0"
"621",0.035667107001321,0.0288065843621399,"auto.and.parX","0.5","0.1","0"
"622",0.112449799196787,0.111111111111111,"auto.and.parX","0.5","0.1","0"
"623",0.0828877005347594,0.141732283464567,"auto.and.parX","0.5","0.1","0"
"624",0.20615796519411,0.217391304347826,"auto.and.parX","0.5","0.1","0"
"625",0.330677290836653,0.255060728744939,"auto.and.parX","0.5","0.1","0"
"626",0.801075268817204,0.78515625,"auto.and.parX","0.5","0.1","0"
"627",0.0730717185385656,0.0651340996168582,"auto.and.parX","0.5","0.1","0"
"628",0.633333333333333,0.577689243027888,"auto.and.parX","0.5","0.1","0"
"629",0.0386666666666667,0.0645161290322581,"auto.and.parX","0.5","0.1","0"
"630",0.0436507936507936,0.0447154471544715,"auto.and.parX","0.5","0.1","0"
"631",0.119505494505495,0.0701107011070111,"auto.and.parX","0.5","0.1","0"
"632",0.122047244094488,0.0672268907563025,"auto.and.parX","0.5","0.1","0"
"633",0.0784574468085106,0.0728744939271255,"auto.and.parX","0.5","0.1","0"
"634",0.110381077529566,0.0794979079497908,"auto.and.parX","0.5","0.1","0"
"635",0.025,0.0167364016736402,"auto.and.parX","0.5","0.1","0"
"636",0.425,0.5,"auto.and.parX","0.5","0.1","0"
"637",0.0584329349269588,0.00404858299595142,"auto.and.parX","0.5","0.1","0"
"638",0.290066225165563,0.240816326530612,"auto.and.parX","0.5","0.1","0"
"639",0.38255033557047,0.384313725490196,"auto.and.parX","0.5","0.1","0"
"640",0.0265604249667995,0.00809716599190283,"auto.and.parX","0.5","0.1","0"
"641",0.172043010752688,0.190661478599222,"auto.and.parX","0.5","0.1","0"
"642",0.437252311756935,0.528925619834711,"auto.and.parX","0.5","0.1","0"
"643",0.00398406374501992,0,"auto.and.parX","0.5","0.1","0"
"644",0.132075471698113,0.170542635658915,"auto.and.parX","0.5","0.1","0"
"645",0.0224570673712021,0.0580912863070539,"auto.and.parX","0.5","0.1","0"
"646",0.0431266846361186,0.0542635658914729,"auto.and.parX","0.5","0.1","0"
"647",0.0425531914893617,0.032258064516129,"auto.and.parX","0.5","0.1","0"
"648",0.216073781291173,0.222222222222222,"auto.and.parX","0.5","0.1","0"
"649",0.24738219895288,0.239495798319328,"auto.and.parX","0.5","0.1","0"
"650",0.104712041884817,0.122362869198312,"auto.and.parX","0.5","0.1","0"
"651",0.103861517976032,0.08,"auto.and.parX","0.5","0.1","0"
"652",0.0815508021390374,0.048,"auto.and.parX","0.5","0.1","0"
"653",0.071334214002642,0.0650406504065041,"auto.and.parX","0.5","0.1","0"
"654",0.191852825229961,0.142857142857143,"auto.and.parX","0.5","0.1","0"
"655",0.0647291941875826,0.0578512396694215,"auto.and.parX","0.5","0.1","0"
"656",0.0178326474622771,0.00367647058823529,"auto.and.parX","0.5","0.1","0"
"657",0.086436170212766,0.101214574898785,"auto.and.parX","0.5","0.1","0"
"658",0.225033288948069,0.229838709677419,"auto.and.parX","0.5","0.1","0"
"659",0.0714285714285714,0.065843621399177,"auto.and.parX","0.5","0.1","0"
"660",0.111559139784946,0.11284046692607,"auto.and.parX","0.5","0.1","0"
"661",0.247718383311604,0.297413793103448,"auto.and.parX","0.5","0.1","0"
"662",0.0814419225634179,0.148,"auto.and.parX","0.5","0.1","0"
"663",0.375812743823147,0.273127753303965,"auto.and.parX","0.5","0.1","0"
"664",0.0973333333333333,0.0602409638554217,"auto.and.parX","0.5","0.1","0"
"665",0.138069705093834,0.114173228346457,"auto.and.parX","0.5","0.1","0"
"666",0.0671052631578947,0.0708333333333333,"auto.and.parX","0.5","0.1","0"
"667",0.0414993306559572,0.0318725099601594,"auto.and.parX","0.5","0.1","0"
"668",0.102529960053262,0.0769230769230769,"auto.and.parX","0.5","0.1","0"
"669",0.205369127516779,0.2,"auto.and.parX","0.5","0.1","0"
"670",0.0958721704394141,0.084,"auto.and.parX","0.5","0.1","0"
"671",0.100942126514132,0.1875,"auto.and.parX","0.5","0.1","0"
"672",0.0488126649076517,0.0491803278688525,"auto.and.parX","0.5","0.1","0"
"673",0.157123834886818,0.208,"auto.and.parX","0.5","0.1","0"
"674",0.0489795918367347,0.056390977443609,"auto.and.parX","0.5","0.1","0"
"675",0.0503978779840849,0.0813008130081301,"auto.and.parX","0.5","0.1","0"
"676",0.739597315436242,0.729411764705882,"auto.and.parX","0.5","0.1","0"
"677",0.100785340314136,0.0680851063829787,"auto.and.parX","0.5","0.1","0"
"678",0.0592193808882907,0.120622568093385,"auto.and.parX","0.5","0.1","0"
"679",0.0818791946308725,0.0551181102362205,"auto.and.parX","0.5","0.1","0"
"680",0.0346666666666667,0.0358565737051793,"auto.and.parX","0.5","0.1","0"
"681",0.0909090909090909,0.0992063492063492,"auto.and.parX","0.5","0.1","0"
"682",0.141145139813582,0.105263157894737,"auto.and.parX","0.5","0.1","0"
"683",0.577597840755736,0.573643410852713,"auto.and.parX","0.5","0.1","0"
"684",0.597897503285151,0.623430962343096,"auto.and.parX","0.5","0.1","0"
"685",0.0732356857523302,0.0362903225806452,"auto.and.parX","0.5","0.1","0"
"686",0.0303030303030303,0.020746887966805,"auto.and.parX","0.5","0.1","0"
"687",0.150066401062417,0.121951219512195,"auto.and.parX","0.5","0.1","0"
"688",0.0794701986754967,0.0653061224489796,"auto.and.parX","0.5","0.1","0"
"689",0.239946380697051,0.349019607843137,"auto.and.parX","0.5","0.1","0"
"690",0.00934579439252336,0.00796812749003984,"auto.and.parX","0.5","0.1","0"
"691",0.311170212765957,0.319838056680162,"auto.and.parX","0.5","0.1","0"
"692",0.660452729693742,0.592,"auto.and.parX","0.5","0.1","0"
"693",0.0421195652173913,0.0151515151515152,"auto.and.parX","0.5","0.1","0"
"694",0.37017310252996,0.393574297188755,"auto.and.parX","0.5","0.1","0"
"695",0.0494791666666667,0.0304347826086957,"auto.and.parX","0.5","0.1","0"
"696",0.0603217158176944,0.0901960784313725,"auto.and.parX","0.5","0.1","0"
"697",0.0496644295302013,0.0390625,"auto.and.parX","0.5","0.1","0"
"698",0.0537634408602151,0.062015503875969,"auto.and.parX","0.5","0.1","0"
"699",0.155878467635403,0.179591836734694,"auto.and.parX","0.5","0.1","0"
"700",0.172141918528252,0.175732217573222,"auto.and.parX","0.5","0.1","0"
"701",0.0866141732283465,0.0590717299578059,"auto.and.parX","0.5","0.1","0"
"702",0.072678331090175,0.0968992248062016,"auto.and.parX","0.5","0.1","0"
"703",0.124,0.108870967741935,"auto.and.parX","0.5","0.1","0"
"704",0.607661822985469,0.576131687242798,"auto.and.parX","0.5","0.1","0"
"705",0.114058355437666,0.0938775510204082,"auto.and.parX","0.5","0.1","0"
"706",0.0647291941875826,0.0576131687242798,"auto.and.parX","0.5","0.1","0"
"707",0.0471698113207547,0.0503875968992248,"auto.and.parX","0.5","0.1","0"
"708",0.0303430079155673,0.020746887966805,"auto.and.parX","0.5","0.1","0"
"709",0.113756613756614,0.170731707317073,"auto.and.parX","0.5","0.1","0"
"710",0.123324396782842,0.114173228346457,"auto.and.parX","0.5","0.1","0"
"711",0.016,0.0197628458498024,"auto.and.parX","0.5","0.1","0"
"712",0.0963855421686747,0.0753968253968254,"auto.and.parX","0.5","0.1","0"
"713",0.395472703062583,0.301204819277108,"auto.and.parX","0.5","0.1","0"
"714",0.573204419889503,0.644927536231884,"auto.and.parX","0.5","0.1","0"
"715",0.288537549407115,0.282157676348548,"auto.and.parX","0.5","0.1","0"
"716",0.370967741935484,0.397637795275591,"auto.and.parX","0.5","0.1","0"
"717",0.25832223701731,0.278225806451613,"auto.and.parX","0.5","0.1","0"
"718",0.0909090909090909,0.0833333333333333,"auto.and.parX","0.5","0.1","0"
"719",0.117962466487936,0.075098814229249,"auto.and.parX","0.5","0.1","0"
"720",0.259863945578231,0.299242424242424,"auto.and.parX","0.5","0.1","0"
"721",0.087956698240866,0.11969111969112,"auto.and.parX","0.5","0.1","0"
"722",0.223237597911227,0.237068965517241,"auto.and.parX","0.5","0.1","0"
"723",0.0329815303430079,0.0371900826446281,"auto.and.parX","0.5","0.1","0"
"724",0.0835616438356164,0.0666666666666667,"auto.and.parX","0.5","0.1","0"
"725",0.043010752688172,0.0544747081712062,"auto.and.parX","0.5","0.1","0"
"726",0.203187250996016,0.129554655870445,"auto.and.parX","0.5","0.1","0"
"727",0.0921052631578947,0.103734439834025,"auto.and.parX","0.5","0.1","0"
"728",0.755347593582888,0.770750988142292,"auto.and.parX","0.5","0.1","0"
"729",0.0583554376657825,0.101626016260163,"auto.and.parX","0.5","0.1","0"
"730",0.241011984021305,0.200803212851406,"auto.and.parX","0.5","0.1","0"
"731",0.0159362549800797,0.0201612903225806,"auto.and.parX","0.5","0.1","0"
"732",0.138851802403204,0.154761904761905,"auto.and.parX","0.5","0.1","0"
"733",0.0437665782493369,0.0447154471544715,"auto.and.parX","0.5","0.1","0"
"734",0.437917222963952,0.410358565737052,"auto.and.parX","0.5","0.1","0"
"735",0.612903225806452,0.67578125,"auto.and.parX","0.5","0.1","0"
"736",0.152317880794702,0.118367346938776,"auto.and.parX","0.5","0.1","0"
"737",0.266937669376694,0.233716475095785,"auto.and.parX","0.5","0.1","0"
"738",0.105960264900662,0.0688259109311741,"auto.and.parX","0.5","0.1","0"
"739",0.152,0.196,"auto.and.parX","0.5","0.1","0"
"740",0.004,0,"auto.and.parX","0.5","0.1","0"
"741",0.0394557823129252,0.0303030303030303,"auto.and.parX","0.5","0.1","0"
"742",0.0563758389261745,0.0625,"auto.and.parX","0.5","0.1","0"
"743",0.0853333333333333,0.136,"auto.and.parX","0.5","0.1","0"
"744",0.0174496644295302,0.01953125,"auto.and.parX","0.5","0.1","0"
"745",0.0863874345549738,0.051063829787234,"auto.and.parX","0.5","0.1","0"
"746",0.0563002680965147,0.0669291338582677,"auto.and.parX","0.5","0.1","0"
"747",0.577956989247312,0.5859375,"auto.and.parX","0.5","0.1","0"
"748",0.174202127659574,0.121457489878543,"auto.and.parX","0.5","0.1","0"
"749",0.0814419225634179,0.0398406374501992,"auto.and.parX","0.5","0.1","0"
"750",0.101351351351351,0.0700389105058366,"auto.and.parX","0.5","0.1","0"
"751",0.260402684563758,0.271653543307087,"auto.and.parX","0.5","0.1","0"
"752",0.732712765957447,0.80241935483871,"auto.and.parX","0.5","0.1","0"
"753",0.0622462787550744,0.0950570342205323,"auto.and.parX","0.5","0.1","0"
"754",0.472222222222222,0.616326530612245,"auto.and.parX","0.5","0.1","0"
"755",0.0932090545938748,0.0796812749003984,"auto.and.parX","0.5","0.1","0"
"756",0.272849462365591,0.303501945525292,"auto.and.parX","0.5","0.1","0"
"757",0.327978580990629,0.316205533596838,"auto.and.parX","0.5","0.1","0"
"758",0.0251655629139073,0.0491803278688525,"auto.and.parX","0.5","0.1","0"
"759",0.0901749663526245,0.11328125,"auto.and.parX","0.5","0.1","0"
"760",0.30738255033557,0.272373540856031,"auto.and.parX","0.5","0.1","0"
"761",0.155495978552279,0.1171875,"auto.and.parX","0.5","0.1","0"
"762",0.0291390728476821,0.0204918032786885,"auto.and.parX","0.5","0.1","0"
"763",0.0926174496644295,0.05859375,"auto.and.parX","0.5","0.1","0"
"764",0.41049798115747,0.365758754863813,"auto.and.parX","0.5","0.1","0"
"765",0.0144736842105263,0.012396694214876,"auto.and.parX","0.5","0.1","0"
"766",0.55718085106383,0.556451612903226,"auto.and.parX","0.5","0.1","0"
"767",0.0503311258278146,0.0450819672131148,"auto.and.parX","0.5","0.1","0"
"768",0.046070460704607,0.0689655172413793,"auto.and.parX","0.5","0.1","0"
"769",0.0158940397350993,0.0288065843621399,"auto.and.parX","0.5","0.1","0"
"770",0.00667556742323097,0.00398406374501992,"auto.and.parX","0.5","0.1","0"
"771",0.0864197530864197,0.0885608856088561,"auto.and.parX","0.5","0.1","0"
"772",0.0818791946308725,0.105882352941176,"auto.and.parX","0.5","0.1","0"
"773",0.036,0.0200803212851406,"auto.and.parX","0.5","0.1","0"
"774",0.0611702127659574,0.0728744939271255,"auto.and.parX","0.5","0.1","0"
"775",0.0299727520435967,0.0225563909774436,"auto.and.parX","0.5","0.1","0"
"776",0.677333333333333,0.72,"auto.and.parX","0.5","0.1","0"
"777",0.398666666666667,0.322709163346614,"auto.and.parX","0.5","0.1","0"
"778",0.0805812417437252,0.0619834710743802,"auto.and.parX","0.5","0.1","0"
"779",0.28,0.298804780876494,"auto.and.parX","0.5","0.1","0"
"780",0.0649867374005305,0.068,"auto.and.parX","0.5","0.1","0"
"781",0.0276679841897233,0.0497925311203319,"auto.and.parX","0.5","0.1","0"
"782",0.0684563758389262,0.0431372549019608,"auto.and.parX","0.5","0.1","0"
"783",0.0740242261103634,0.0389105058365759,"auto.and.parX","0.5","0.1","0"
"784",0.0512129380053908,0.0463320463320463,"auto.and.parX","0.5","0.1","0"
"785",0.0790884718498659,0.0669291338582677,"auto.and.parX","0.5","0.1","0"
"786",0.654714475431607,0.684210526315789,"auto.and.parX","0.5","0.1","0"
"787",0.274768824306473,0.30327868852459,"auto.and.parX","0.5","0.1","0"
"788",0.0601604278074866,0.056,"auto.and.parX","0.5","0.1","0"
"789",0.130718954248366,0.092436974789916,"auto.and.parX","0.5","0.1","0"
"790",0.14323258869908,0.0920502092050209,"auto.and.parX","0.5","0.1","0"
"791",0.0728476821192053,0.040650406504065,"auto.and.parX","0.5","0.1","0"
"792",0.0720961281708945,0.0887096774193548,"auto.and.parX","0.5","0.1","0"
"793",0.122641509433962,0.0739299610894942,"auto.and.parX","0.5","0.1","0"
"794",0.100271002710027,0.0954198473282443,"auto.and.parX","0.5","0.1","0"
"795",0.152925531914894,0.140562248995984,"auto.and.parX","0.5","0.1","0"
"796",0.0679094540612517,0.0846774193548387,"auto.and.parX","0.5","0.1","0"
"797",0.0342555994729908,0.0541666666666667,"auto.and.parX","0.5","0.1","0"
"798",0.333778371161549,0.318725099601594,"auto.and.parX","0.5","0.1","0"
"799",0.0548128342245989,0.0711462450592885,"auto.and.parX","0.5","0.1","0"
"800",0.028,0.0241935483870968,"auto.and.parX","0.5","0.1","0"
"801",0.639627659574468,0.647773279352227,"auto.and.parX","0.5","0.1","0"
"802",0.0345744680851064,0.024,"auto.and.parX","0.5","0.1","0"
"803",0.0241286863270777,0.00793650793650794,"auto.and.parX","0.5","0.1","0"
"804",0.0957446808510638,0.137096774193548,"auto.and.parX","0.5","0.1","0"
"805",0.130952380952381,0.185185185185185,"auto.and.parX","0.5","0.1","0"
"806",0.0317460317460317,0.0448979591836735,"auto.and.parX","0.5","0.1","0"
"807",0.0293333333333333,0.0321285140562249,"auto.and.parX","0.5","0.1","0"
"808",0.149470899470899,0.169421487603306,"auto.and.parX","0.5","0.1","0"
"809",0.234986945169713,0.228813559322034,"auto.and.parX","0.5","0.1","0"
"810",0.060893098782138,0.0461538461538462,"auto.and.parX","0.5","0.1","0"
"811",0.172690763052209,0.150197628458498,"auto.and.parX","0.5","0.1","0"
"812",0.0692934782608696,0.0572519083969466,"auto.and.parX","0.5","0.1","0"
"813",0.156578947368421,0.143459915611814,"auto.and.parX","0.5","0.1","0"
"814",0.0823373173970783,0.0607287449392713,"auto.and.parX","0.5","0.1","0"
"815",0.0692410119840213,0.0806451612903226,"auto.and.parX","0.5","0.1","0"
"816",0.075,0.0829875518672199,"auto.and.parX","0.5","0.1","0"
"817",0.097165991902834,0.13953488372093,"auto.and.parX","0.5","0.1","0"
"818",0.0579710144927536,0.0871369294605809,"auto.and.parX","0.5","0.1","0"
"819",0.0353866317169069,0.0508474576271186,"auto.and.parX","0.5","0.1","0"
"820",0.319034852546917,0.312252964426877,"auto.and.parX","0.5","0.1","0"
"821",0.0847913862718708,0.0859375,"auto.and.parX","0.5","0.1","0"
"822",0.337730870712401,0.28099173553719,"auto.and.parX","0.5","0.1","0"
"823",0.174434087882823,0.164,"auto.and.parX","0.5","0.1","0"
"824",0.0927152317880795,0.0731707317073171,"auto.and.parX","0.5","0.1","0"
"825",0.0745672436750999,0.0843373493975904,"auto.and.parX","0.5","0.1","0"
"826",0.28005284015852,0.322314049586777,"auto.and.parX","0.5","0.1","0"
"827",0.512683578104139,0.541832669322709,"auto.and.parX","0.5","0.1","0"
"828",0.0758988015978695,0.132,"auto.and.parX","0.5","0.1","0"
"829",0.18048128342246,0.146245059288538,"auto.and.parX","0.5","0.1","0"
"830",0.292059219380888,0.23046875,"auto.and.parX","0.5","0.1","0"
"831",0.0133511348464619,0.00796812749003984,"auto.and.parX","0.5","0.1","0"
"832",0.0267379679144385,0.0511811023622047,"auto.and.parX","0.5","0.1","0"
"833",0.155195681511471,0.167315175097276,"auto.and.parX","0.5","0.1","0"
"834",0.117340286831812,0.0982905982905983,"auto.and.parX","0.5","0.1","0"
"835",0.136912751677852,0.0784313725490196,"auto.and.parX","0.5","0.1","0"
"836",0.12751677852349,0.105882352941176,"auto.and.parX","0.5","0.1","0"
"837",0.487646293888166,0.367965367965368,"auto.and.parX","0.5","0.1","0"
"838",0.0332446808510638,0.0282258064516129,"auto.and.parX","0.5","0.1","0"
"839",0.104774535809019,0.116935483870968,"auto.and.parX","0.5","0.1","0"
"840",0.0387700534759358,0.0119521912350598,"auto.and.parX","0.5","0.1","0"
"841",0.371052631578947,0.351464435146443,"auto.and.parX","0.5","0.1","0"
"842",0.158389261744966,0.16796875,"auto.and.parX","0.5","0.1","0"
"843",0.0364864864864865,0.0271317829457364,"auto.and.parX","0.5","0.1","0"
"844",0.0448979591836735,0.0679245283018868,"auto.and.parX","0.5","0.1","0"
"845",0.0802139037433155,0.0790513833992095,"auto.and.parX","0.5","0.1","0"
"846",0.076,0.0555555555555556,"auto.and.parX","0.5","0.1","0"
"847",0.0875331564986737,0.0728744939271255,"auto.and.parX","0.5","0.1","0"
"848",0.413474240422721,0.345679012345679,"auto.and.parX","0.5","0.1","0"
"849",0.053475935828877,0.0357142857142857,"auto.and.parX","0.5","0.1","0"
"850",0.0657718120805369,0.05859375,"auto.and.parX","0.5","0.1","0"
"851",0.120211360634082,0.11522633744856,"auto.and.parX","0.5","0.1","0"
"852",0.105898123324397,0.094488188976378,"auto.and.parX","0.5","0.1","0"
"853",0.17027027027027,0.242307692307692,"auto.and.parX","0.5","0.1","0"
"854",0.112010796221323,0.0849420849420849,"auto.and.parX","0.5","0.1","0"
"855",0.160857908847185,0.1796875,"auto.and.parX","0.5","0.1","0"
"856",0.057516339869281,0.0595744680851064,"auto.and.parX","0.5","0.1","0"
"857",0.107336956521739,0.144486692015209,"auto.and.parX","0.5","0.1","0"
"858",0.072,0.012,"auto.and.parX","0.5","0.1","0"
"859",0.196765498652291,0.131782945736434,"auto.and.parX","0.5","0.1","0"
"860",0.104417670682731,0.115537848605578,"auto.and.parX","0.5","0.1","0"
"861",0.186754966887417,0.217741935483871,"auto.and.parX","0.5","0.1","0"
"862",0.02,0.0401606425702811,"auto.and.parX","0.5","0.1","0"
"863",0.123670212765957,0.179282868525896,"auto.and.parX","0.5","0.1","0"
"864",0.00915032679738562,0.025531914893617,"auto.and.parX","0.5","0.1","0"
"865",0.103947368421053,0.0460251046025105,"auto.and.parX","0.5","0.1","0"
"866",0.446949602122016,0.48780487804878,"auto.and.parX","0.5","0.1","0"
"867",0.0870712401055409,0.0860655737704918,"auto.and.parX","0.5","0.1","0"
"868",0.532710280373832,0.52191235059761,"auto.and.parX","0.5","0.1","0"
"869",0.134408602150538,0.112403100775194,"auto.and.parX","0.5","0.1","0"
"870",0.0267379679144385,0.04,"auto.and.parX","0.5","0.1","0"
"871",0.0529801324503311,0.0819672131147541,"auto.and.parX","0.5","0.1","0"
"872",0.598930481283422,0.642857142857143,"auto.and.parX","0.5","0.1","0"
"873",0.09375,0.0830188679245283,"auto.and.parX","0.5","0.1","0"
"874",0.142857142857143,0.13135593220339,"auto.and.parX","0.5","0.1","0"
"875",0.0753968253968254,0.0493827160493827,"auto.and.parX","0.5","0.1","0"
"876",0.47638326585695,0.44015444015444,"auto.and.parX","0.5","0.1","0"
"877",0.146276595744681,0.143426294820717,"auto.and.parX","0.5","0.1","0"
"878",0.0332446808510638,0.040650406504065,"auto.and.parX","0.5","0.1","0"
"879",0.0343461030383091,0.037037037037037,"auto.and.parX","0.5","0.1","0"
"880",0.0263852242744063,0.00413223140495868,"auto.and.parX","0.5","0.1","0"
"881",0.356857523302264,0.461847389558233,"auto.and.parX","0.5","0.1","0"
"882",0.0107095046854083,0.015748031496063,"auto.and.parX","0.5","0.1","0"
"883",0.054739652870494,0.0677290836653386,"auto.and.parX","0.5","0.1","0"
"884",0.190224570673712,0.164609053497942,"auto.and.parX","0.5","0.1","0"
"885",0.283819628647215,0.230769230769231,"auto.and.parX","0.5","0.1","0"
"886",0.523427041499331,0.494071146245059,"auto.and.parX","0.5","0.1","0"
"887",0.072289156626506,0.0590551181102362,"auto.and.parX","0.5","0.1","0"
"888",0.0304635761589404,0.0163934426229508,"auto.and.parX","0.5","0.1","0"
"889",0.109333333333333,0.124497991967871,"auto.and.parX","0.5","0.1","0"
"890",0.0671140939597315,0.0592885375494071,"auto.and.parX","0.5","0.1","0"
"891",0.66005291005291,0.590909090909091,"auto.and.parX","0.5","0.1","0"
"892",0.0176390773405699,0.0114503816793893,"auto.and.parX","0.5","0.1","0"
"893",0.0237154150197628,0.016597510373444,"auto.and.parX","0.5","0.1","0"
"894",0.226845637583893,0.261904761904762,"auto.and.parX","0.5","0.1","0"
"895",0.0946666666666667,0.124497991967871,"auto.and.parX","0.5","0.1","0"
"896",0.206076618229855,0.169421487603306,"auto.and.parX","0.5","0.1","0"
"897",0.0724832214765101,0.0313725490196078,"auto.and.parX","0.5","0.1","0"
"898",0.101333333333333,0.132,"auto.and.parX","0.5","0.1","0"
"899",0.113207547169811,0.105058365758755,"auto.and.parX","0.5","0.1","0"
"900",0.132075471698113,0.135135135135135,"auto.and.parX","0.5","0.1","0"
"901",0.0421052631578947,0.024896265560166,"auto.and.parX","0.5","0.1","0"
"902",0.0172185430463576,0.0326530612244898,"auto.and.parX","0.5","0.1","0"
"903",0.395502645502646,0.438524590163934,"auto.and.parX","0.5","0.1","0"
"904",0.068,0.088,"auto.and.parX","0.5","0.1","0"
"905",0.166889185580774,0.134920634920635,"auto.and.parX","0.5","0.1","0"
"906",0.2171581769437,0.1699604743083,"auto.and.parX","0.5","0.1","0"
"907",0.0493333333333333,0.02,"auto.and.parX","0.5","0.1","0"
"908",0.147606382978723,0.136,"auto.and.parX","0.5","0.1","0"
"909",0.0226666666666667,0.0199203187250996,"auto.and.parX","0.5","0.1","0"
"910",0.442257217847769,0.491596638655462,"auto.and.parX","0.5","0.1","0"
"911",0.163804491413474,0.155737704918033,"auto.and.parX","0.5","0.1","0"
"912",0.0473061760840999,0.0333333333333333,"auto.and.parX","0.5","0.1","0"
"913",0.544594594594595,0.583011583011583,"auto.and.parX","0.5","0.1","0"
"914",0.0390309555854643,0.0470588235294118,"auto.and.parX","0.5","0.1","0"
"915",0.0415549597855228,0.106299212598425,"auto.and.parX","0.5","0.1","0"
"916",0.0915032679738562,0.0982905982905983,"auto.and.parX","0.5","0.1","0"
"917",0.0962566844919786,0.134920634920635,"auto.and.parX","0.5","0.1","0"
"918",0.228116710875332,0.155102040816327,"auto.and.parX","0.5","0.1","0"
"919",0.266487213997308,0.24609375,"auto.and.parX","0.5","0.1","0"
"920",0.0681818181818182,0.0513833992094862,"auto.and.parX","0.5","0.1","0"
"921",0.361221779548473,0.433198380566802,"auto.and.parX","0.5","0.1","0"
"922",0.0225165562913907,0.0121951219512195,"auto.and.parX","0.5","0.1","0"
"923",0.2,0.2,"auto.and.parX","0.5","0.1","0"
"924",0.0638297872340425,0.0566801619433198,"auto.and.parX","0.5","0.1","0"
"925",0.0351351351351351,0.0114503816793893,"auto.and.parX","0.5","0.1","0"
"926",0.119727891156463,0.0754716981132075,"auto.and.parX","0.5","0.1","0"
"927",0.0479360852197071,0.0562248995983936,"auto.and.parX","0.5","0.1","0"
"928",0.0119363395225464,0.0203252032520325,"auto.and.parX","0.5","0.1","0"
"929",0.0230352303523035,0.0344827586206897,"auto.and.parX","0.5","0.1","0"
"930",0.306772908366534,0.376518218623482,"auto.and.parX","0.5","0.1","0"
"931",0.0477453580901857,0.0819672131147541,"auto.and.parX","0.5","0.1","0"
"932",0.0713324360699865,0.0588235294117647,"auto.and.parX","0.5","0.1","0"
"933",0.426845637583893,0.4140625,"auto.and.parX","0.5","0.1","0"
"934",0.393184796854522,0.438297872340426,"auto.and.parX","0.5","0.1","0"
"935",0.0655080213903743,0.0595238095238095,"auto.and.parX","0.5","0.1","0"
"936",0.108724832214765,0.094488188976378,"auto.and.parX","0.5","0.1","0"
"937",0.0590604026845638,0.0784313725490196,"auto.and.parX","0.5","0.1","0"
"938",0.0870712401055409,0.0785123966942149,"auto.and.parX","0.5","0.1","0"
"939",0.0724832214765101,0.0470588235294118,"auto.and.parX","0.5","0.1","0"
"940",0.214673913043478,0.20532319391635,"auto.and.parX","0.5","0.1","0"
"941",0.249336870026525,0.304878048780488,"auto.and.parX","0.5","0.1","0"
"942",0.129427792915531,0.172284644194757,"auto.and.parX","0.5","0.1","0"
"943",0.30173564753004,0.25,"auto.and.parX","0.5","0.1","0"
"944",0.164642375168691,0.164750957854406,"auto.and.parX","0.5","0.1","0"
"945",0.575838926174497,0.63671875,"auto.and.parX","0.5","0.1","0"
"946",0.0160857908847185,0.0198412698412698,"auto.and.parX","0.5","0.1","0"
"947",0.530040053404539,0.525691699604743,"auto.and.parX","0.5","0.1","0"
"948",0.00797872340425532,0,"auto.and.parX","0.5","0.1","0"
"949",0.447229551451187,0.462809917355372,"auto.and.parX","0.5","0.1","0"
"950",0.137566137566138,0.106995884773663,"auto.and.parX","0.5","0.1","0"
"951",0.0284167794316644,0.0307692307692308,"auto.and.parX","0.5","0.1","0"
"952",0.38739946380697,0.372549019607843,"auto.and.parX","0.5","0.1","0"
"953",0.0717131474103586,0.072289156626506,"auto.and.parX","0.5","0.1","0"
"954",0.0169712793733681,0.0127659574468085,"auto.and.parX","0.5","0.1","0"
"955",0.201884253028264,0.254826254826255,"auto.and.parX","0.5","0.1","0"
"956",0.148,0.183266932270916,"auto.and.parX","0.5","0.1","0"
"957",0.550200803212851,0.673228346456693,"auto.and.parX","0.5","0.1","0"
"958",0.0387182910547397,0.047808764940239,"auto.and.parX","0.5","0.1","0"
"959",0.06703146374829,0.0858208955223881,"auto.and.parX","0.5","0.1","0"
"960",0.189839572192513,0.233201581027668,"auto.and.parX","0.5","0.1","0"
"961",0.0593792172739541,0.111969111969112,"auto.and.parX","0.5","0.1","0"
"962",0.0435356200527705,0.0205761316872428,"auto.and.parX","0.5","0.1","0"
"963",0.157894736842105,0.178294573643411,"auto.and.parX","0.5","0.1","0"
"964",0.262879788639366,0.185185185185185,"auto.and.parX","0.5","0.1","0"
"965",0.0347593582887701,0.0396825396825397,"auto.and.parX","0.5","0.1","0"
"966",0.244063324538259,0.241803278688525,"auto.and.parX","0.5","0.1","0"
"967",0.0422721268163804,0.0164609053497942,"auto.and.parX","0.5","0.1","0"
"968",0.0951742627345844,0.161417322834646,"auto.and.parX","0.5","0.1","0"
"969",0.0734312416555407,0.0666666666666667,"auto.and.parX","0.5","0.1","0"
"970",0.202702702702703,0.223076923076923,"auto.and.parX","0.5","0.1","0"
"971",0.0350649350649351,0.0260869565217391,"auto.and.parX","0.5","0.1","0"
"972",0.0906666666666667,0.0595238095238095,"auto.and.parX","0.5","0.1","0"
"973",0.119325551232166,0.0745614035087719,"auto.and.parX","0.5","0.1","0"
"974",0.502018842530283,0.529182879377432,"auto.and.parX","0.5","0.1","0"
"975",0.0225763612217795,0.0161943319838057,"auto.and.parX","0.5","0.1","0"
"976",0.557029177718833,0.475609756097561,"auto.and.parX","0.5","0.1","0"
"977",0.0459459459459459,0.112403100775194,"auto.and.parX","0.5","0.1","0"
"978",0.0557029177718833,0.0693877551020408,"auto.and.parX","0.5","0.1","0"
"979",0.571812080536913,0.623529411764706,"auto.and.parX","0.5","0.1","0"
"980",0.134564643799472,0.136363636363636,"auto.and.parX","0.5","0.1","0"
"981",0.0106524633821571,0.004,"auto.and.parX","0.5","0.1","0"
"982",0.032,0.0398406374501992,"auto.and.parX","0.5","0.1","0"
"983",0.243101182654402,0.261603375527426,"auto.and.parX","0.5","0.1","0"
"984",0.472334682860999,0.453846153846154,"auto.and.parX","0.5","0.1","0"
"985",0.0132100396301189,0.016597510373444,"auto.and.parX","0.5","0.1","0"
"986",0.0901960784313725,0.0464135021097046,"auto.and.parX","0.5","0.1","0"
"987",0.536327608982827,0.522633744855967,"auto.and.parX","0.5","0.1","0"
"988",0.22237017310253,0.286290322580645,"auto.and.parX","0.5","0.1","0"
"989",0.0763052208835341,0.0717131474103586,"auto.and.parX","0.5","0.1","0"
"990",0.140562248995984,0.094488188976378,"auto.and.parX","0.5","0.1","0"
"991",0.00540540540540541,0.00772200772200772,"auto.and.parX","0.5","0.1","0"
"992",0.0265957446808511,0.00404858299595142,"auto.and.parX","0.5","0.1","0"
"993",0.0719041278295606,0.0725806451612903,"auto.and.parX","0.5","0.1","0"
"994",0.0395095367847411,0.0451127819548872,"auto.and.parX","0.5","0.1","0"
"995",0.0829015544041451,0.0440528634361234,"auto.and.parX","0.5","0.1","0"
"996",0.0554089709762533,0.065843621399177,"auto.and.parX","0.5","0.1","0"
"997",0.201324503311258,0.224489795918367,"auto.and.parX","0.5","0.1","0"
"998",0.123822341857335,0.136186770428016,"auto.and.parX","0.5","0.1","0"
"999",0.357237715803453,0.336032388663968,"auto.and.parX","0.5","0.1","0"
"1000",0.295302013422819,0.28740157480315,"auto.and.parX","0.5","0.1","0"
